Jaar-maandnummer (instroomdatum);Aantal zaken;Eerste Asiel aanvraag indicatie (zaak);Jaar (standdatum);Jaar (instroomdatum);Werksoort (zaak);Gevraagde kwalificatie (zaak);Geleverde kwalificatie (zaak);Zaak definitief indicatie (zaak);Afdoeningswijze (zaak definitief);Nationaliteit lange omschrijving (subject instroomdatum);Nationaliteit lange omschrijving (subject uitstroomdatum)
201801;97;J;2018;2018;VVA bepaalde tijd PIVA;493 Asiel voor bepaalde tijd;Onbekend;J;Ongegrond;;
201801;1;J;2018;2018;VVA bepaalde tijd PIVA;493 Asiel voor bepaalde tijd;Onbekend;J;Intrekking door klant;Burger van Azerbajdsjan;Burger van Azerbajdsjan
201801;12;J;2018;2018;Asiel AMV PIVA;493 Asiel voor bepaalde tijd;Onbekend;N;Onbekend;;Onbekend
201801;1;J;2018;2018;VVA bepaalde tijd PIVA;911 Asiel vanuit bewaring;Onbekend;J;Ongegrond;;
201801;252;J;2018;2018;VVA bepaalde tijd PIVA;493 Asiel voor bepaalde tijd;493 Asiel voor bepaalde tijd;J;Inwilliging;;
201801;1;J;2018;2018;VVA bepaalde tijd PIVA;493 Asiel voor bepaalde tijd;493 Asiel voor bepaalde tijd;J;Niet ontvankelijk;;
201801;2;J;2018;2018;VVA bepaalde tijd PIVA;915 VRIS;Onbekend;J;Kennelijk ongegrond;;
201801;37;J;2018;2018;VVA bepaalde tijd PIVA;914 Asiel bij grensweigering;Onbekend;J;Buiten behandeling stellen;;
201801;44;J;2018;2018;Asiel AMV PIVA;493 Asiel voor bepaalde tijd;493 Asiel voor bepaalde tijd;J;Inwilliging;;
201801;499;J;2018;2018;VVA bepaalde tijd PIVA;493 Asiel voor bepaalde tijd;Onbekend;J;Niet in behandeling nemen;;
201801;31;J;2018;2018;Uitgenodigde vluchtel aankomst;493 Asiel voor bepaalde tijd;493 Asiel voor bepaalde tijd;J;Inwilliging;;
201801;60;J;2018;2018;VVA bepaalde tijd PIVA;493 Asiel voor bepaalde tijd;Onbekend;J;Niet ontvankelijk;;
201801;115;J;2018;2018;VVA bepaalde tijd PIVA;493 Asiel voor bepaalde tijd;Onbekend;J;Kennelijk ongegrond;;
201801;1;J;2018;2018;VVA bepaalde tijd PIVA;914 Asiel bij grensweigering;Onbekend;J;Buiten behandeling stellen;Burger van Dominicaanse Republiek;Burger van Dominicaanse Republiek
201801;3;J;2018;2018;VVA bepaalde tijd PIVA;915 VRIS;Onbekend;J;Intrekking door klant;;
201801;4;J;2018;2018;Asiel AMV PIVA;493 Asiel voor bepaalde tijd;Onbekend;J;Niet in behandeling nemen;;
201801;4;J;2018;2018;VVA bepaalde tijd PIVA;647 Nareizigers asiel;Onbekend;J;Intrekking door klant;;
201801;872;J;2018;2018;VVA bepaalde tijd PIVA;647 Nareizigers asiel;493 Asiel voor bepaalde tijd;J;Inwilliging;;
201801;37;J;2018;2018;VVA bepaalde tijd PIVA;493 Asiel voor bepaalde tijd;Onbekend;J;Intrekking door klant;;
201801;1;J;2018;2018;VVA bepaalde tijd PIVA;493 Asiel voor bepaalde tijd;Onbekend;J;Niet in behandeling nemen;Burger van Bangladesh;Burger van Bangladesh
201801;1;J;2018;2018;VVA bepaalde tijd PIVA;914 Asiel bij grensweigering;Onbekend;J;Niet ontvankelijk;;
201801;4;J;2018;2018;VVA bepaalde tijd PIVA;493 Asiel voor bepaalde tijd;Onbekend;J;Kennelijk ongegrond;Burger van Bosnië-Herzegovina;Burger van Bosnië-Herzegovina
201801;1;J;2018;2018;VVA bepaalde tijd PIVA;493 Asiel voor bepaalde tijd;Onbekend;J;Buiten behandeling stellen;Burger van de Bondsrepubliek Duitsland;Burger van de Bondsrepubliek Duitsland
201801;12;J;2018;2018;VVA bepaalde tijd PIVA;493 Asiel voor bepaalde tijd;Onbekend;J;Niet in behandeling nemen;Burger van Azerbajdsjan;Burger van Azerbajdsjan
201801;10;J;2018;2018;VVA bepaalde tijd PIVA;911 Asiel vanuit bewaring;Onbekend;J;Kennelijk ongegrond;;
201801;4;J;2018;2018;VVA bepaalde tijd PIVA;911 Asiel vanuit bewaring;Onbekend;J;Niet in behandeling nemen;;
201801;3;J;2018;2018;Asiel AMV PIVA;493 Asiel voor bepaalde tijd;Onbekend;J;Kennelijk ongegrond;;
201801;2;J;2018;2018;VVA bepaalde tijd PIVA;493 Asiel voor bepaalde tijd;Onbekend;J;Niet in behandeling nemen;Burger van Armenië;Burger van Armenië
201801;2;J;2018;2018;VVA bepaalde tijd PIVA;647 Nareizigers asiel;Onbekend;N;Onbekend;;Onbekend
201801;73;J;2018;2018;VVA bepaalde tijd PIVA;914 Asiel bij grensweigering;Onbekend;J;Ongegrond;;
201801;4;J;2018;2018;Asiel AMV PIVA;493 Asiel voor bepaalde tijd;Onbekend;J;Niet ontvankelijk;;
201801;1;J;2018;2018;Asiel AMV PIVA;493 Asiel voor bepaalde tijd;493 Asiel voor bepaalde tijd;J;Ongegrond;;
201801;2;J;2018;2018;VVA bepaalde tijd PIVA;911 Asiel vanuit bewaring;Onbekend;J;Buiten behandeling stellen;;
201801;8;J;2018;2018;Asiel AMV PIVA;493 Asiel voor bepaalde tijd;Onbekend;J;Ongegrond;;
201801;21;J;2018;2018;VVA bepaalde tijd PIVA;914 Asiel bij grensweigering;Onbekend;J;Intrekking door klant;;
201801;1;J;2018;2018;VVA bepaalde tijd PIVA;493 Asiel voor bepaalde tijd;Onbekend;J;Niet in behandeling nemen;Burger van Belarus (Wit-Rusland);Burger van Belarus (Wit-Rusland)
201801;1;J;2018;2018;VVA bepaalde tijd PIVA;911 Asiel vanuit bewaring;Onbekend;J;Kennelijk ongegrond;Burger van Bosnië-Herzegovina;Burger van Bosnië-Herzegovina
201801;12;J;2018;2018;VVA bepaalde tijd PIVA;911 Asiel vanuit bewaring;Onbekend;J;Intrekking door klant;;
201801;89;J;2018;2018;VVA bepaalde tijd PIVA;493 Asiel voor bepaalde tijd;Onbekend;N;Onbekend;;Onbekend
201801;14;J;2018;2018;Asiel AMV PIVA;493 Asiel voor bepaalde tijd;Onbekend;J;Buiten behandeling stellen;;
201801;23;J;2018;2018;VVA bepaalde tijd PIVA;914 Asiel bij grensweigering;493 Asiel voor bepaalde tijd;J;Inwilliging;;
201801;1;J;2018;2018;Asiel AMV PIVA;493 Asiel voor bepaalde tijd;Onbekend;J;Intrekking door klant;;
201801;49;J;2018;2018;VVA bepaalde tijd PIVA;493 Asiel voor bepaalde tijd;Onbekend;J;Buiten behandeling stellen;;
201801;2;J;2018;2018;VVA bepaalde tijd PIVA;914 Asiel bij grensweigering;493 Asiel voor bepaalde tijd;J;Ongegrond;;
201801;6;J;2018;2018;VVA bepaalde tijd PIVA;914 Asiel bij grensweigering;Onbekend;N;Onbekend;;Onbekend
201801;15;J;2018;2018;VVA bepaalde tijd PIVA;914 Asiel bij grensweigering;Onbekend;J;Kennelijk ongegrond;;
201801;1;J;2018;2018;VVA bepaalde tijd PIVA;915 VRIS;Onbekend;J;Niet in behandeling nemen;;
201801;1;J;2018;2018;VVA bepaalde tijd PIVA;493 Asiel voor bepaalde tijd;334 Gezinsleven cf 8 EVRM;J;Inwilliging;;
201802;25;J;2018;2018;VVA bepaalde tijd PIVA;493 Asiel voor bepaalde tijd;Onbekend;J;Intrekking door klant;;
201802;4;J;2018;2018;VVA bepaalde tijd PIVA;493 Asiel voor bepaalde tijd;Onbekend;J;Kennelijk ongegrond;Burger van Bosnië-Herzegovina;Burger van Bosnië-Herzegovina
201802;1;J;2018;2018;VVA bepaalde tijd PIVA;647 Nareizigers asiel;493 Asiel voor bepaalde tijd;J;Inwilliging;Burger van de Ver.  Arabische Emiraten;Burger van de Ver.  Arabische Emiraten
201802;6;J;2018;2018;Asiel AMV PIVA;493 Asiel voor bepaalde tijd;Onbekend;J;Kennelijk ongegrond;;
201802;216;J;2018;2018;VVA bepaalde tijd PIVA;493 Asiel voor bepaalde tijd;493 Asiel voor bepaalde tijd;J;Inwilliging;;
201802;1;J;2018;2018;VVA bepaalde tijd PIVA;493 Asiel voor bepaalde tijd;Onbekend;J;Niet in behandeling nemen;Burger van Belarus (Wit-Rusland);Burger van Belarus (Wit-Rusland)
201802;1;J;2018;2018;VVA bepaalde tijd PIVA;914 Asiel bij grensweigering;Onbekend;J;Buiten behandeling stellen;;
201802;92;J;2018;2018;VVA bepaalde tijd PIVA;493 Asiel voor bepaalde tijd;Onbekend;N;Onbekend;;Onbekend
201802;13;J;2018;2018;VVA bepaalde tijd PIVA;911 Asiel vanuit bewaring;Onbekend;J;Niet in behandeling nemen;;
201802;1;J;2018;2018;Asiel AMV PIVA;493 Asiel voor bepaalde tijd;Onbekend;J;Niet in behandeling nemen;;
201802;3;J;2018;2018;VVA bepaalde tijd PIVA;493 Asiel voor bepaalde tijd;Onbekend;J;Niet in behandeling nemen;Burger van Armenië;Burger van Armenië
201802;15;J;2018;2018;VVA bepaalde tijd PIVA;914 Asiel bij grensweigering;493 Asiel voor bepaalde tijd;J;Inwilliging;;
201802;907;J;2018;2018;VVA bepaalde tijd PIVA;647 Nareizigers asiel;493 Asiel voor bepaalde tijd;J;Inwilliging;;
201802;1;J;2018;2018;VVA bepaalde tijd PIVA;911 Asiel vanuit bewaring;Onbekend;J;Ongegrond;;
201802;27;J;2018;2018;Asiel AMV PIVA;493 Asiel voor bepaalde tijd;493 Asiel voor bepaalde tijd;J;Inwilliging;;
201802;1;J;2018;2018;VVA bepaalde tijd PIVA;647 Nareizigers asiel;Onbekend;N;Onbekend;;Onbekend
201802;14;J;2018;2018;Asiel AMV PIVA;493 Asiel voor bepaalde tijd;Onbekend;N;Onbekend;;Onbekend
201802;43;J;2018;2018;VVA bepaalde tijd PIVA;493 Asiel voor bepaalde tijd;Onbekend;J;Ongegrond;;
201802;3;J;2018;2018;VVA bepaalde tijd PIVA;915 VRIS;Onbekend;J;Intrekking door klant;;
201802;1;J;2018;2018;VVA bepaalde tijd PIVA;914 Asiel bij grensweigering;Onbekend;J;Niet ontvankelijk;;
201802;21;J;2018;2018;VVA bepaalde tijd PIVA;493 Asiel voor bepaalde tijd;Onbekend;J;Buiten behandeling stellen;;
201802;72;J;2018;2018;Uitgenodigde vluchtel aankomst;493 Asiel voor bepaalde tijd;493 Asiel voor bepaalde tijd;J;Inwilliging;;
201802;1;J;2018;2018;VVA bepaalde tijd PIVA;493 Asiel voor bepaalde tijd;Onbekend;N;Onbekend;Burger van Azerbajdsjan;Onbekend
201802;10;J;2018;2018;Asiel AMV PIVA;493 Asiel voor bepaalde tijd;Onbekend;J;Buiten behandeling stellen;;
201802;3;J;2018;2018;VVA bepaalde tijd PIVA;914 Asiel bij grensweigering;Onbekend;J;Intrekking door klant;;
201802;10;J;2018;2018;VVA bepaalde tijd PIVA;647 Nareizigers asiel;Onbekend;J;Intrekking door klant;;
201802;2;J;2018;2018;VVA bepaalde tijd PIVA;493 Asiel voor bepaalde tijd;Onbekend;J;Intrekking door klant;Burger van Belarus (Wit-Rusland);Burger van Belarus (Wit-Rusland)
201802;6;J;2018;2018;VVA bepaalde tijd PIVA;914 Asiel bij grensweigering;Onbekend;J;Ongegrond;;
201802;1;J;2018;2018;VVA bepaalde tijd PIVA;493 Asiel voor bepaalde tijd;493 Asiel voor bepaalde tijd;J;Ongegrond;;
201802;1;J;2018;2018;Asiel AMV PIVA;493 Asiel voor bepaalde tijd;Onbekend;J;Ongegrond;;
201802;52;J;2018;2018;VVA bepaalde tijd PIVA;493 Asiel voor bepaalde tijd;Onbekend;J;Niet ontvankelijk;;
201802;9;J;2018;2018;VVA bepaalde tijd PIVA;911 Asiel vanuit bewaring;Onbekend;J;Intrekking door klant;;
201802;101;J;2018;2018;VVA bepaalde tijd PIVA;493 Asiel voor bepaalde tijd;Onbekend;J;Kennelijk ongegrond;;
201802;5;J;2018;2018;VVA bepaalde tijd PIVA;911 Asiel vanuit bewaring;Onbekend;J;Kennelijk ongegrond;;
201802;1;J;2018;2018;VVA bepaalde tijd PIVA;647 Nareizigers asiel;493 Asiel voor bepaalde tijd;J;Intrekking door klant;;
201802;2;J;2018;2018;VVA bepaalde tijd PIVA;493 Asiel voor bepaalde tijd;Onbekend;J;Kennelijk ongegrond;Burger van Azerbajdsjan;Burger van Azerbajdsjan
201802;2;J;2018;2018;Asiel AMV PIVA;493 Asiel voor bepaalde tijd;Onbekend;J;Niet ontvankelijk;;
201802;1;J;2018;2018;VVA bepaalde tijd PIVA;911 Asiel vanuit bewaring;Onbekend;N;Onbekend;;Onbekend
201802;9;J;2018;2018;VVA bepaalde tijd PIVA;914 Asiel bij grensweigering;Onbekend;N;Onbekend;;Onbekend
201802;1;J;2018;2018;VVA bepaalde tijd PIVA;911 Asiel vanuit bewaring;493 Asiel voor bepaalde tijd;J;Inwilliging;;
201802;455;J;2018;2018;VVA bepaalde tijd PIVA;493 Asiel voor bepaalde tijd;Onbekend;J;Niet in behandeling nemen;;
201802;1;J;2018;2018;VVA bepaalde tijd PIVA;493 Asiel voor bepaalde tijd;493 Asiel voor bepaalde tijd;J;Inwilliging;Burger van de Ver.  Arabische Emiraten;Burger van de Ver.  Arabische Emiraten
201802;2;J;2018;2018;VVA bepaalde tijd PIVA;911 Asiel vanuit bewaring;Onbekend;J;Niet ontvankelijk;;
201802;10;J;2018;2018;VVA bepaalde tijd PIVA;914 Asiel bij grensweigering;Onbekend;J;Kennelijk ongegrond;;
201802;3;J;2018;2018;VVA bepaalde tijd PIVA;915 VRIS;Onbekend;J;Niet in behandeling nemen;;
201802;1;J;2018;2018;VVA bepaalde tijd PIVA;914 Asiel bij grensweigering;Onbekend;J;Niet in behandeling nemen;;
201802;7;J;2018;2018;VVA bepaalde tijd PIVA;493 Asiel voor bepaalde tijd;Onbekend;J;Intrekking door klant;Burger van Azerbajdsjan;Burger van Azerbajdsjan
201803;38;J;2018;2018;VVA bepaalde tijd PIVA;493 Asiel voor bepaalde tijd;Onbekend;J;Intrekking door klant;;
201803;120;J;2018;2018;VVA bepaalde tijd PIVA;493 Asiel voor bepaalde tijd;Onbekend;J;Kennelijk ongegrond;;
201803;195;J;2018;2018;VVA bepaalde tijd PIVA;493 Asiel voor bepaalde tijd;493 Asiel voor bepaalde tijd;J;Inwilliging;;
201803;5;J;2018;2018;Asiel AMV PIVA;493 Asiel voor bepaalde tijd;Onbekend;J;Niet ontvankelijk;;
201803;1;J;2018;2018;Asiel AMV PIVA;493 Asiel voor bepaalde tijd;Onbekend;N;Onbekend;Burger van Armenië;Onbekend
201803;9;J;2018;2018;Asiel AMV PIVA;493 Asiel voor bepaalde tijd;Onbekend;J;Kennelijk ongegrond;;
201803;2;J;2018;2018;VVA bepaalde tijd PIVA;914 Asiel bij grensweigering;Onbekend;N;Onbekend;Burger van Belarus (Wit-Rusland);Onbekend
201803;1;J;2018;2018;VVA bepaalde tijd PIVA;911 Asiel vanuit bewaring;493 Asiel voor bepaalde tijd;J;Inwilliging;;
201803;5;J;2018;2018;VVA bepaalde tijd PIVA;493 Asiel voor bepaalde tijd;Onbekend;J;Ongegrond;Burger van Azerbajdsjan;Burger van Azerbajdsjan
201803;6;J;2018;2018;VVA bepaalde tijd PIVA;911 Asiel vanuit bewaring;Onbekend;J;Kennelijk ongegrond;;
201803;2;J;2018;2018;VVA bepaalde tijd PIVA;914 Asiel bij grensweigering;Onbekend;J;Intrekking door klant;;
201803;10;J;2018;2018;VVA bepaalde tijd PIVA;493 Asiel voor bepaalde tijd;Onbekend;J;Intrekking door klant;Burger van Azerbajdsjan;Burger van Azerbajdsjan
201803;10;J;2018;2018;VVA bepaalde tijd PIVA;914 Asiel bij grensweigering;Onbekend;J;Kennelijk ongegrond;;
201803;1;J;2018;2018;VVA bepaalde tijd PIVA;647 Nareizigers asiel;493 Asiel voor bepaalde tijd;J;Intrekking door klant;;
201803;1;J;2018;2018;VVA bepaalde tijd PIVA;493 Asiel voor bepaalde tijd;493 Asiel voor bepaalde tijd;J;Niet in behandeling nemen;;
201803;2;J;2018;2018;VVA bepaalde tijd PIVA;911 Asiel vanuit bewaring;Onbekend;J;Niet in behandeling nemen;;
201803;777;J;2018;2018;VVA bepaalde tijd PIVA;647 Nareizigers asiel;493 Asiel voor bepaalde tijd;J;Inwilliging;;
201803;3;J;2018;2018;VVA bepaalde tijd PIVA;914 Asiel bij grensweigering;Onbekend;J;Niet in behandeling nemen;;
201803;1;J;2018;2018;VVA bepaalde tijd PIVA;493 Asiel voor bepaalde tijd;Onbekend;J;Niet in behandeling nemen;Burger van Armenië;Burger van Armenië
201803;2;J;2018;2018;VVA bepaalde tijd PIVA;493 Asiel voor bepaalde tijd;Onbekend;N;Onbekend;Burger van Armenië;Onbekend
201803;2;J;2018;2018;VVA bepaalde tijd PIVA;493 Asiel voor bepaalde tijd;493 Asiel voor bepaalde tijd;J;Ongegrond;;
201803;5;J;2018;2018;VVA bepaalde tijd PIVA;493 Asiel voor bepaalde tijd;Onbekend;J;Intrekking door klant;Burger van Belarus (Wit-Rusland);Burger van Belarus (Wit-Rusland)
201803;17;J;2018;2018;VVA bepaalde tijd PIVA;914 Asiel bij grensweigering;493 Asiel voor bepaalde tijd;J;Inwilliging;;
201803;2;J;2018;2018;Asiel AMV PIVA;493 Asiel voor bepaalde tijd;Onbekend;J;Niet in behandeling nemen;;
201803;38;J;2018;2018;Asiel AMV PIVA;493 Asiel voor bepaalde tijd;Onbekend;N;Onbekend;;Onbekend
201803;1;J;2018;2018;VVA bepaalde tijd PIVA;914 Asiel bij grensweigering;Onbekend;J;Ongegrond;Burger van Belarus (Wit-Rusland);Burger van Belarus (Wit-Rusland)
201803;3;J;2018;2018;VVA bepaalde tijd PIVA;911 Asiel vanuit bewaring;Onbekend;J;Intrekking door klant;;
201803;57;J;2018;2018;VVA bepaalde tijd PIVA;493 Asiel voor bepaalde tijd;Onbekend;J;Niet ontvankelijk;;
201803;29;J;2018;2018;VVA bepaalde tijd PIVA;493 Asiel voor bepaalde tijd;Onbekend;J;Buiten behandeling stellen;;
201803;5;J;2018;2018;VVA bepaalde tijd PIVA;493 Asiel voor bepaalde tijd;Onbekend;J;Niet in behandeling nemen;Burger van Azerbajdsjan;Burger van Azerbajdsjan
201803;145;J;2018;2018;Uitgenodigde vluchtel aankomst;493 Asiel voor bepaalde tijd;493 Asiel voor bepaalde tijd;J;Inwilliging;;
201803;1;J;2018;2018;VVA bepaalde tijd PIVA;493 Asiel voor bepaalde tijd;493 Asiel voor bepaalde tijd;J;Inwilliging;Burger van Belarus (Wit-Rusland);Burger van Belarus (Wit-Rusland)
201803;513;J;2018;2018;VVA bepaalde tijd PIVA;493 Asiel voor bepaalde tijd;Onbekend;J;Niet in behandeling nemen;;
201803;18;J;2018;2018;Asiel AMV PIVA;493 Asiel voor bepaalde tijd;Onbekend;J;Buiten behandeling stellen;;
201803;34;J;2018;2018;Asiel AMV PIVA;493 Asiel voor bepaalde tijd;493 Asiel voor bepaalde tijd;J;Inwilliging;;
201803;1;J;2018;2018;Asiel AMV PIVA;493 Asiel voor bepaalde tijd;493 Asiel voor bepaalde tijd;J;Kennelijk ongegrond;;
201803;1;J;2018;2018;VVA bepaalde tijd PIVA;911 Asiel vanuit bewaring;Onbekend;J;Buiten behandeling stellen;;
201803;9;J;2018;2018;VVA bepaalde tijd PIVA;914 Asiel bij grensweigering;Onbekend;N;Onbekend;;Onbekend
201803;1;J;2018;2018;VVA bepaalde tijd PIVA;647 Nareizigers asiel;Onbekend;J;Intrekking door klant;;
201803;1;J;2018;2018;VVA bepaalde tijd PIVA;493 Asiel voor bepaalde tijd;Onbekend;J;Niet in behandeling nemen;Burger van Bangladesh;Burger van Bangladesh
201803;1;J;2018;2018;VVA bepaalde tijd PIVA;915 VRIS;Onbekend;J;Kennelijk ongegrond;;
201803;3;J;2018;2018;VVA bepaalde tijd PIVA;647 Nareizigers asiel;Onbekend;N;Onbekend;;Onbekend
201803;137;J;2018;2018;VVA bepaalde tijd PIVA;493 Asiel voor bepaalde tijd;Onbekend;N;Onbekend;;Onbekend
201803;3;J;2018;2018;VVA bepaalde tijd PIVA;493 Asiel voor bepaalde tijd;Onbekend;J;Niet in behandeling nemen;Burger van Belarus (Wit-Rusland);Burger van Belarus (Wit-Rusland)
201803;42;J;2018;2018;VVA bepaalde tijd PIVA;493 Asiel voor bepaalde tijd;Onbekend;J;Ongegrond;;
201803;9;J;2018;2018;VVA bepaalde tijd PIVA;914 Asiel bij grensweigering;Onbekend;J;Ongegrond;;
201803;4;J;2018;2018;Asiel AMV PIVA;493 Asiel voor bepaalde tijd;Onbekend;J;Ongegrond;;
201803;1;J;2018;2018;VVA bepaalde tijd PIVA;493 Asiel voor bepaalde tijd;Onbekend;J;Intrekking door klant;Burger van Armenië;Burger van Armenië
201803;2;J;2018;2018;VVA bepaalde tijd PIVA;911 Asiel vanuit bewaring;Onbekend;J;Niet ontvankelijk;;
201803;1;J;2018;2018;VVA bepaalde tijd PIVA;493 Asiel voor bepaalde tijd;Onbekend;N;Onbekend;Burger van Azerbajdsjan;Onbekend
201804;5;J;2018;2018;VVA bepaalde tijd PIVA;493 Asiel voor bepaalde tijd;Onbekend;N;Onbekend;Burger van Azerbajdsjan;Onbekend
201804;3;J;2018;2018;Asiel AMV PIVA;493 Asiel voor bepaalde tijd;Onbekend;J;Niet ontvankelijk;;
201804;1;J;2018;2018;VVA bepaalde tijd PIVA;915 VRIS;Onbekend;J;Intrekking door klant;;
201804;6;J;2018;2018;VVA bepaalde tijd PIVA;914 Asiel bij grensweigering;Onbekend;J;Kennelijk ongegrond;;
201804;21;J;2018;2018;VVA bepaalde tijd PIVA;914 Asiel bij grensweigering;493 Asiel voor bepaalde tijd;J;Inwilliging;;
201804;6;J;2018;2018;Asiel AMV PIVA;493 Asiel voor bepaalde tijd;Onbekend;J;Kennelijk ongegrond;;
201804;6;J;2018;2018;VVA bepaalde tijd PIVA;493 Asiel voor bepaalde tijd;Onbekend;J;Niet in behandeling nemen;Burger van Azerbajdsjan;Burger van Azerbajdsjan
201804;3;J;2018;2018;VVA bepaalde tijd PIVA;914 Asiel bij grensweigering;Onbekend;J;Niet in behandeling nemen;;
201804;25;J;2018;2018;VVA bepaalde tijd PIVA;493 Asiel voor bepaalde tijd;Onbekend;J;Niet ontvankelijk;;
201804;2;J;2018;2018;VVA bepaalde tijd PIVA;914 Asiel bij grensweigering;Onbekend;J;Niet ontvankelijk;;
201804;4;J;2018;2018;Asiel AMV PIVA;493 Asiel voor bepaalde tijd;Onbekend;J;Ongegrond;;
201804;324;J;2018;2018;Uitgenodigde vluchtel aankomst;493 Asiel voor bepaalde tijd;493 Asiel voor bepaalde tijd;J;Inwilliging;;
201804;4;J;2018;2018;VVA bepaalde tijd PIVA;911 Asiel vanuit bewaring;Onbekend;J;Niet in behandeling nemen;;
201804;20;J;2018;2018;Asiel AMV PIVA;493 Asiel voor bepaalde tijd;493 Asiel voor bepaalde tijd;J;Inwilliging;;
201804;9;J;2018;2018;VVA bepaalde tijd PIVA;647 Nareizigers asiel;Onbekend;N;Onbekend;;Onbekend
201804;4;J;2018;2018;VVA bepaalde tijd PIVA;647 Nareizigers asiel;Onbekend;J;Intrekking door klant;;
201804;4;J;2018;2018;Asiel AMV PIVA;493 Asiel voor bepaalde tijd;Onbekend;J;Niet in behandeling nemen;;
201804;5;J;2018;2018;VVA bepaalde tijd PIVA;914 Asiel bij grensweigering;Onbekend;J;Intrekking door klant;;
201804;2;J;2018;2018;VVA bepaalde tijd PIVA;911 Asiel vanuit bewaring;Onbekend;N;Onbekend;;Onbekend
201804;2;J;2018;2018;VVA bepaalde tijd PIVA;914 Asiel bij grensweigering;Onbekend;J;Buiten behandeling stellen;;
201804;3;J;2018;2018;VVA bepaalde tijd PIVA;493 Asiel voor bepaalde tijd;Onbekend;N;Onbekend;Burger van Bangladesh;Onbekend
201804;48;J;2018;2018;Asiel AMV PIVA;493 Asiel voor bepaalde tijd;Onbekend;N;Onbekend;;Onbekend
201804;2;J;2018;2018;VVA bepaalde tijd PIVA;915 VRIS;Onbekend;J;Kennelijk ongegrond;;
201804;2;J;2018;2018;VVA bepaalde tijd PIVA;493 Asiel voor bepaalde tijd;Onbekend;J;Intrekking door klant;Burger van Armenië;Burger van Armenië
201804;29;J;2018;2018;VVA bepaalde tijd PIVA;493 Asiel voor bepaalde tijd;Onbekend;J;Intrekking door klant;;
201804;4;J;2018;2018;VVA bepaalde tijd PIVA;493 Asiel voor bepaalde tijd;Onbekend;J;Kennelijk ongegrond;Burger van Bosnië-Herzegovina;Burger van Bosnië-Herzegovina
201804;4;J;2018;2018;VVA bepaalde tijd PIVA;493 Asiel voor bepaalde tijd;493 Asiel voor bepaalde tijd;J;Ongegrond;;
201804;4;J;2018;2018;VVA bepaalde tijd PIVA;911 Asiel vanuit bewaring;Onbekend;J;Kennelijk ongegrond;;
201804;9;J;2018;2018;VVA bepaalde tijd PIVA;914 Asiel bij grensweigering;Onbekend;N;Onbekend;;Onbekend
201804;39;J;2018;2018;VVA bepaalde tijd PIVA;493 Asiel voor bepaalde tijd;Onbekend;J;Buiten behandeling stellen;;
201804;33;J;2018;2018;VVA bepaalde tijd PIVA;493 Asiel voor bepaalde tijd;Onbekend;J;Ongegrond;;
201804;1;J;2018;2018;Asiel AMV PIVA;493 Asiel voor bepaalde tijd;Onbekend;J;Niet in behandeling nemen;Burger van Armenië;Burger van Armenië
201804;1;J;2018;2018;VVA bepaalde tijd PIVA;911 Asiel vanuit bewaring;Onbekend;J;Buiten behandeling stellen;;
201804;91;J;2018;2018;VVA bepaalde tijd PIVA;493 Asiel voor bepaalde tijd;Onbekend;J;Kennelijk ongegrond;;
201804;4;J;2018;2018;VVA bepaalde tijd PIVA;493 Asiel voor bepaalde tijd;Onbekend;J;Niet in behandeling nemen;Burger van Armenië;Burger van Armenië
201804;775;J;2018;2018;VVA bepaalde tijd PIVA;647 Nareizigers asiel;493 Asiel voor bepaalde tijd;J;Inwilliging;;
201804;1;J;2018;2018;Uitgenodigde vluchtel aankomst;493 Asiel voor bepaalde tijd;Onbekend;N;Onbekend;;Onbekend
201804;9;J;2018;2018;Asiel AMV PIVA;493 Asiel voor bepaalde tijd;Onbekend;J;Buiten behandeling stellen;;
201804;11;J;2018;2018;VVA bepaalde tijd PIVA;493 Asiel voor bepaalde tijd;Onbekend;J;Intrekking door klant;Burger van Azerbajdsjan;Burger van Azerbajdsjan
201804;256;J;2018;2018;VVA bepaalde tijd PIVA;493 Asiel voor bepaalde tijd;Onbekend;N;Onbekend;;Onbekend
201804;8;J;2018;2018;VVA bepaalde tijd PIVA;911 Asiel vanuit bewaring;Onbekend;J;Intrekking door klant;;
201804;245;J;2018;2018;VVA bepaalde tijd PIVA;493 Asiel voor bepaalde tijd;493 Asiel voor bepaalde tijd;J;Inwilliging;;
201804;6;J;2018;2018;VVA bepaalde tijd PIVA;914 Asiel bij grensweigering;Onbekend;J;Ongegrond;;
201804;1;J;2018;2018;VVA bepaalde tijd PIVA;493 Asiel voor bepaalde tijd;Onbekend;J;Kennelijk ongegrond;Burger van Armenië;Burger van Armenië
201804;505;J;2018;2018;VVA bepaalde tijd PIVA;493 Asiel voor bepaalde tijd;Onbekend;J;Niet in behandeling nemen;;
201805;19;J;2018;2018;Asiel AMV PIVA;493 Asiel voor bepaalde tijd;Onbekend;J;Buiten behandeling stellen;;
201805;7;J;2018;2018;VVA bepaalde tijd PIVA;911 Asiel vanuit bewaring;Onbekend;J;Niet in behandeling nemen;;
201805;7;J;2018;2018;VVA bepaalde tijd PIVA;914 Asiel bij grensweigering;Onbekend;J;Intrekking door klant;;
201805;68;J;2018;2018;VVA bepaalde tijd PIVA;493 Asiel voor bepaalde tijd;Onbekend;J;Niet ontvankelijk;;
201805;1;J;2018;2018;VVA bepaalde tijd PIVA;493 Asiel voor bepaalde tijd;Onbekend;N;Onbekend;Burger van Azerbajdsjan;Onbekend
201805;119;J;2018;2018;VVA bepaalde tijd PIVA;493 Asiel voor bepaalde tijd;Onbekend;J;Kennelijk ongegrond;;
201805;2;J;2018;2018;VVA bepaalde tijd PIVA;493 Asiel voor bepaalde tijd;Onbekend;J;Niet in behandeling nemen;Burger van Bangladesh;Burger van Bangladesh
201805;1;J;2018;2018;VVA bepaalde tijd PIVA;493 Asiel voor bepaalde tijd;Onbekend;J;Overlijden;;
201805;12;J;2018;2018;VVA bepaalde tijd PIVA;914 Asiel bij grensweigering;Onbekend;N;Onbekend;;Onbekend
201805;1;J;2018;2018;VVA bepaalde tijd PIVA;915 VRIS;Onbekend;J;Intrekking door klant;;
201805;9;J;2018;2018;VVA bepaalde tijd PIVA;493 Asiel voor bepaalde tijd;Onbekend;J;Niet in behandeling nemen;Burger van Armenië;Burger van Armenië
201805;1;J;2018;2018;VVA bepaalde tijd PIVA;493 Asiel voor bepaalde tijd;Onbekend;J;Niet in behandeling nemen;Burger van de Bondsrepubliek Duitsland;
201805;2;J;2018;2018;VVA bepaalde tijd PIVA;914 Asiel bij grensweigering;Onbekend;J;Niet in behandeling nemen;;
201805;3;J;2018;2018;VVA bepaalde tijd PIVA;914 Asiel bij grensweigering;Onbekend;J;Ongegrond;;
201805;2;J;2018;2018;Asiel AMV PIVA;493 Asiel voor bepaalde tijd;Onbekend;J;Ongegrond;;
201805;14;J;2018;2018;VVA bepaalde tijd PIVA;647 Nareizigers asiel;Onbekend;N;Onbekend;;Onbekend
201805;230;J;2018;2018;VVA bepaalde tijd PIVA;493 Asiel voor bepaalde tijd;493 Asiel voor bepaalde tijd;J;Inwilliging;;
201805;2;J;2018;2018;VVA bepaalde tijd PIVA;911 Asiel vanuit bewaring;Onbekend;J;Niet ontvankelijk;;
201805;1;J;2018;2018;VVA bepaalde tijd PIVA;911 Asiel vanuit bewaring;493 Asiel voor bepaalde tijd;J;Inwilliging;;
201805;2;J;2018;2018;VVA bepaalde tijd PIVA;915 VRIS;Onbekend;J;Buiten behandeling stellen;;
201805;603;J;2018;2018;VVA bepaalde tijd PIVA;647 Nareizigers asiel;493 Asiel voor bepaalde tijd;J;Inwilliging;;
201805;30;J;2018;2018;VVA bepaalde tijd PIVA;493 Asiel voor bepaalde tijd;Onbekend;J;Niet in behandeling nemen;Burger van Belarus (Wit-Rusland);Burger van Belarus (Wit-Rusland)
201805;16;J;2018;2018;VVA bepaalde tijd PIVA;914 Asiel bij grensweigering;493 Asiel voor bepaalde tijd;J;Inwilliging;;
201805;2;J;2018;2018;VVA bepaalde tijd PIVA;915 VRIS;Onbekend;N;Onbekend;;Onbekend
201805;1;J;2018;2018;VVA bepaalde tijd PIVA;914 Asiel bij grensweigering;Onbekend;J;Buiten behandeling stellen;;
201805;2;J;2018;2018;VVA bepaalde tijd PIVA;493 Asiel voor bepaalde tijd;Onbekend;J;Intrekking door klant;Burger van Armenië;Burger van Armenië
201805;1;J;2018;2018;VVA bepaalde tijd PIVA;493 Asiel voor bepaalde tijd;493 Asiel voor bepaalde tijd;J;Niet in behandeling nemen;;
201805;9;J;2018;2018;VVA bepaalde tijd PIVA;911 Asiel vanuit bewaring;Onbekend;J;Kennelijk ongegrond;;
201805;6;J;2018;2018;Asiel AMV PIVA;493 Asiel voor bepaalde tijd;Onbekend;J;Kennelijk ongegrond;;
201805;4;J;2018;2018;VVA bepaalde tijd PIVA;493 Asiel voor bepaalde tijd;Onbekend;J;Intrekking door klant;Burger van Azerbajdsjan;Burger van Azerbajdsjan
201805;1;J;2018;2018;VVA bepaalde tijd PIVA;493 Asiel voor bepaalde tijd;Onbekend;N;Onbekend;Burger van Armenië;Onbekend
201805;19;J;2018;2018;Asiel AMV PIVA;493 Asiel voor bepaalde tijd;493 Asiel voor bepaalde tijd;J;Inwilliging;;
201805;62;J;2018;2018;Asiel AMV PIVA;493 Asiel voor bepaalde tijd;Onbekend;N;Onbekend;;Onbekend
201805;2;J;2018;2018;VVA bepaalde tijd PIVA;493 Asiel voor bepaalde tijd;Onbekend;N;Onbekend;Burger van Belarus (Wit-Rusland);Onbekend
201805;41;J;2018;2018;Uitgenodigde vluchtel aankomst;493 Asiel voor bepaalde tijd;493 Asiel voor bepaalde tijd;J;Inwilliging;;
201805;295;J;2018;2018;VVA bepaalde tijd PIVA;493 Asiel voor bepaalde tijd;Onbekend;N;Onbekend;;Onbekend
201805;3;J;2018;2018;Asiel AMV PIVA;493 Asiel voor bepaalde tijd;Onbekend;J;Niet in behandeling nemen;;
201805;1;J;2018;2018;VVA bepaalde tijd PIVA;493 Asiel voor bepaalde tijd;Onbekend;J;Niet in behandeling nemen;;Burger van Armenië
201805;1;J;2018;2018;Asiel AMV PIVA;911 Asiel vanuit bewaring;493 Asiel voor bepaalde tijd;J;Inwilliging;;
201805;20;J;2018;2018;VVA bepaalde tijd PIVA;493 Asiel voor bepaalde tijd;Onbekend;J;Ongegrond;;
201805;11;J;2018;2018;VVA bepaalde tijd PIVA;914 Asiel bij grensweigering;Onbekend;J;Kennelijk ongegrond;;
201805;484;J;2018;2018;VVA bepaalde tijd PIVA;493 Asiel voor bepaalde tijd;Onbekend;J;Niet in behandeling nemen;;
201805;36;J;2018;2018;VVA bepaalde tijd PIVA;493 Asiel voor bepaalde tijd;Onbekend;J;Buiten behandeling stellen;;
201805;3;J;2018;2018;VVA bepaalde tijd PIVA;915 VRIS;Onbekend;J;Kennelijk ongegrond;;
201805;6;J;2018;2018;VVA bepaalde tijd PIVA;911 Asiel vanuit bewaring;Onbekend;J;Intrekking door klant;;
201805;44;J;2018;2018;VVA bepaalde tijd PIVA;493 Asiel voor bepaalde tijd;Onbekend;J;Intrekking door klant;;
201805;2;J;2018;2018;Asiel AMV PIVA;493 Asiel voor bepaalde tijd;Onbekend;J;Niet ontvankelijk;;
201805;8;J;2018;2018;VVA bepaalde tijd PIVA;493 Asiel voor bepaalde tijd;Onbekend;J;Niet in behandeling nemen;Burger van Azerbajdsjan;Burger van Azerbajdsjan
201805;3;J;2018;2018;VVA bepaalde tijd PIVA;493 Asiel voor bepaalde tijd;Onbekend;N;Onbekend;Burger van Bangladesh;Onbekend
201805;2;J;2018;2018;Asiel AMV PIVA;493 Asiel voor bepaalde tijd;Onbekend;J;Intrekking door klant;;
201806;24;J;2018;2018;Asiel AMV PIVA;493 Asiel voor bepaalde tijd;493 Asiel voor bepaalde tijd;J;Inwilliging;;
201806;245;J;2018;2018;Uitgenodigde vluchtel aankomst;493 Asiel voor bepaalde tijd;493 Asiel voor bepaalde tijd;J;Inwilliging;;
201806;46;J;2018;2018;VVA bepaalde tijd PIVA;493 Asiel voor bepaalde tijd;Onbekend;J;Niet ontvankelijk;;
201806;7;J;2018;2018;VVA bepaalde tijd PIVA;914 Asiel bij grensweigering;Onbekend;J;Ongegrond;;
201806;1;J;2018;2018;VVA bepaalde tijd PIVA;493 Asiel voor bepaalde tijd;Onbekend;J;Buiten behandeling stellen;Burger van Bosnië-Herzegovina;Burger van Bosnië-Herzegovina
201806;2;J;2018;2018;VVA bepaalde tijd PIVA;911 Asiel vanuit bewaring;Onbekend;J;Kennelijk ongegrond;;
201806;2;J;2018;2018;Asiel AMV PIVA;493 Asiel voor bepaalde tijd;Onbekend;J;Niet ontvankelijk;;
201806;2;J;2018;2018;VVA bepaalde tijd PIVA;915 VRIS;Onbekend;J;Niet in behandeling nemen;;
201806;13;J;2018;2018;VVA bepaalde tijd PIVA;914 Asiel bij grensweigering;Onbekend;N;Onbekend;;Onbekend
201806;10;J;2018;2018;VVA bepaalde tijd PIVA;647 Nareizigers asiel;Onbekend;N;Onbekend;;Onbekend
201806;1;J;2018;2018;VVA bepaalde tijd PIVA;914 Asiel bij grensweigering;Onbekend;J;Buiten behandeling stellen;;
201806;380;J;2018;2018;VVA bepaalde tijd PIVA;493 Asiel voor bepaalde tijd;Onbekend;N;Onbekend;;Onbekend
201806;1;J;2018;2018;VVA bepaalde tijd PIVA;493 Asiel voor bepaalde tijd;Onbekend;J;Niet in behandeling nemen;Burger van Armenië;Burger van Armenië
201806;1;J;2018;2018;VVA bepaalde tijd PIVA;493 Asiel voor bepaalde tijd;Onbekend;J;Niet ontvankelijk;Burger van de Bondsrepubliek Duitsland;Burger van de Bondsrepubliek Duitsland
201806;1;J;2018;2018;VVA bepaalde tijd PIVA;914 Asiel bij grensweigering;493 Asiel voor bepaalde tijd;J;Inwilliging;Burger van Azerbajdsjan;Burger van Azerbajdsjan
201806;43;J;2018;2018;Asiel AMV PIVA;493 Asiel voor bepaalde tijd;Onbekend;N;Onbekend;;Onbekend
201806;11;J;2018;2018;Uitgenodigde vluchtel aankomst;493 Asiel voor bepaalde tijd;Onbekend;J;Intrekking door klant;;
201806;72;J;2018;2018;VVA bepaalde tijd PIVA;493 Asiel voor bepaalde tijd;Onbekend;J;Kennelijk ongegrond;;
201806;25;J;2018;2018;VVA bepaalde tijd PIVA;493 Asiel voor bepaalde tijd;Onbekend;J;Buiten behandeling stellen;;
201806;42;J;2018;2018;VVA bepaalde tijd PIVA;493 Asiel voor bepaalde tijd;Onbekend;J;Intrekking door klant;;
201806;3;J;2018;2018;Asiel AMV PIVA;493 Asiel voor bepaalde tijd;Onbekend;J;Kennelijk ongegrond;;
201806;3;J;2018;2018;VVA bepaalde tijd PIVA;911 Asiel vanuit bewaring;Onbekend;J;Niet in behandeling nemen;;
201806;167;J;2018;2018;VVA bepaalde tijd PIVA;493 Asiel voor bepaalde tijd;493 Asiel voor bepaalde tijd;J;Inwilliging;;
201806;1;J;2018;2018;VVA bepaalde tijd PIVA;915 VRIS;Onbekend;J;Buiten behandeling stellen;;
201806;15;J;2018;2018;VVA bepaalde tijd PIVA;493 Asiel voor bepaalde tijd;Onbekend;J;Intrekking door klant;Burger van Azerbajdsjan;Burger van Azerbajdsjan
201806;2;J;2018;2018;VVA bepaalde tijd PIVA;493 Asiel voor bepaalde tijd;Onbekend;N;Onbekend;Burger van Bangladesh;Onbekend
201806;458;J;2018;2018;VVA bepaalde tijd PIVA;647 Nareizigers asiel;493 Asiel voor bepaalde tijd;J;Inwilliging;;
201806;10;J;2018;2018;VVA bepaalde tijd PIVA;914 Asiel bij grensweigering;Onbekend;J;Kennelijk ongegrond;;
201806;21;J;2018;2018;VVA bepaalde tijd PIVA;493 Asiel voor bepaalde tijd;Onbekend;J;Ongegrond;;
201806;33;J;2018;2018;VVA bepaalde tijd PIVA;493 Asiel voor bepaalde tijd;Onbekend;J;Niet in behandeling nemen;Burger van Belarus (Wit-Rusland);Burger van Belarus (Wit-Rusland)
201806;1;J;2018;2018;VVA bepaalde tijd PIVA;914 Asiel bij grensweigering;Onbekend;J;Intrekking door klant;;
201806;308;J;2018;2018;VVA bepaalde tijd PIVA;493 Asiel voor bepaalde tijd;Onbekend;J;Niet in behandeling nemen;;
201806;3;J;2018;2018;VVA bepaalde tijd PIVA;911 Asiel vanuit bewaring;Onbekend;J;Intrekking door klant;;
201806;1;J;2018;2018;VVA bepaalde tijd PIVA;493 Asiel voor bepaalde tijd;Onbekend;J;Overlijden;;
201806;1;J;2018;2018;VVA bepaalde tijd PIVA;493 Asiel voor bepaalde tijd;Onbekend;J;Niet ontvankelijk;Burger van Belarus (Wit-Rusland);Burger van Belarus (Wit-Rusland)
201806;1;J;2018;2018;VVA bepaalde tijd PIVA;493 Asiel voor bepaalde tijd;Onbekend;J;Ongegrond;Burger van Belarus (Wit-Rusland);Burger van Belarus (Wit-Rusland)
201806;6;J;2018;2018;VVA bepaalde tijd PIVA;493 Asiel voor bepaalde tijd;Onbekend;N;Onbekend;Burger van Azerbajdsjan;Onbekend
201806;12;J;2018;2018;VVA bepaalde tijd PIVA;914 Asiel bij grensweigering;493 Asiel voor bepaalde tijd;J;Inwilliging;;
201806;12;J;2018;2018;Asiel AMV PIVA;493 Asiel voor bepaalde tijd;Onbekend;J;Buiten behandeling stellen;;
201806;9;J;2018;2018;VVA bepaalde tijd PIVA;493 Asiel voor bepaalde tijd;Onbekend;J;Niet in behandeling nemen;Burger van Azerbajdsjan;Burger van Azerbajdsjan
201806;1;J;2018;2018;VVA bepaalde tijd PIVA;914 Asiel bij grensweigering;Onbekend;J;Ongegrond;Burger van Antigua en Barbuda;Burger van Antigua en Barbuda
201806;1;J;2018;2018;VVA bepaalde tijd PIVA;911 Asiel vanuit bewaring;Onbekend;N;Onbekend;;Onbekend
201806;5;J;2018;2018;VVA bepaalde tijd PIVA;493 Asiel voor bepaalde tijd;Onbekend;N;Onbekend;Burger van Armenië;Onbekend
201806;3;J;2018;2018;Asiel AMV PIVA;493 Asiel voor bepaalde tijd;Onbekend;J;Intrekking door klant;;
201807;3;J;2018;2018;Asiel AMV PIVA;493 Asiel voor bepaalde tijd;Onbekend;J;Intrekking door klant;;
201807;1;J;2018;2018;VVA bepaalde tijd PIVA;911 Asiel vanuit bewaring;493 Asiel voor bepaalde tijd;J;Inwilliging;;
201807;9;J;2018;2018;VVA bepaalde tijd PIVA;493 Asiel voor bepaalde tijd;Onbekend;J;Intrekking door klant;Burger van Azerbajdsjan;Burger van Azerbajdsjan
201807;3;J;2018;2018;Asiel AMV PIVA;493 Asiel voor bepaalde tijd;Onbekend;J;Niet in behandeling nemen;;
201807;2;J;2018;2018;VVA bepaalde tijd PIVA;493 Asiel voor bepaalde tijd;Onbekend;J;Kennelijk ongegrond;Burger van Bosnië-Herzegovina;Burger van Bosnië-Herzegovina
201807;2;J;2018;2018;VVA bepaalde tijd PIVA;911 Asiel vanuit bewaring;Onbekend;J;Niet in behandeling nemen;;
201807;128;J;2018;2018;VVA bepaalde tijd PIVA;493 Asiel voor bepaalde tijd;Onbekend;J;Kennelijk ongegrond;;
201807;8;J;2018;2018;Asiel AMV PIVA;493 Asiel voor bepaalde tijd;Onbekend;J;Kennelijk ongegrond;;
201807;18;J;2018;2018;VVA bepaalde tijd PIVA;493 Asiel voor bepaalde tijd;Onbekend;J;Niet in behandeling nemen;Burger van Azerbajdsjan;Burger van Azerbajdsjan
201807;2;J;2018;2018;VVA bepaalde tijd PIVA;647 Nareizigers asiel;Onbekend;N;Onbekend;;Onbekend
201807;2;J;2018;2018;VVA bepaalde tijd PIVA;915 VRIS;Onbekend;N;Onbekend;;Onbekend
201807;10;J;2018;2018;VVA bepaalde tijd PIVA;493 Asiel voor bepaalde tijd;Onbekend;J;Ongegrond;;
201807;1;J;2018;2018;VVA bepaalde tijd PIVA;915 VRIS;Onbekend;J;Kennelijk ongegrond;;
201807;446;J;2018;2018;VVA bepaalde tijd PIVA;647 Nareizigers asiel;493 Asiel voor bepaalde tijd;J;Inwilliging;;
201807;1;J;2018;2018;VVA bepaalde tijd PIVA;915 VRIS;Onbekend;J;Intrekking door klant;;
201807;7;J;2018;2018;VVA bepaalde tijd PIVA;911 Asiel vanuit bewaring;Onbekend;J;Intrekking door klant;;
201807;1;J;2018;2018;VVA bepaalde tijd PIVA;911 Asiel vanuit bewaring;Onbekend;J;Ongegrond;;
201807;69;J;2018;2018;Asiel AMV PIVA;493 Asiel voor bepaalde tijd;Onbekend;N;Onbekend;;Onbekend
201807;12;J;2018;2018;Asiel AMV PIVA;493 Asiel voor bepaalde tijd;493 Asiel voor bepaalde tijd;J;Inwilliging;;
201807;867;J;2018;2018;VVA bepaalde tijd PIVA;493 Asiel voor bepaalde tijd;Onbekend;N;Onbekend;;Onbekend
201807;1;J;2018;2018;Asiel AMV PIVA;493 Asiel voor bepaalde tijd;493 Asiel voor bepaalde tijd;J;Kennelijk ongegrond;;
201807;29;J;2018;2018;VVA bepaalde tijd PIVA;493 Asiel voor bepaalde tijd;Onbekend;J;Intrekking door klant;;
201807;1;J;2018;2018;VVA bepaalde tijd PIVA;493 Asiel voor bepaalde tijd;Onbekend;J;Niet in behandeling nemen;Burger van Bangladesh;Burger van Bangladesh
201807;1;J;2018;2018;VVA bepaalde tijd PIVA;493 Asiel voor bepaalde tijd;334 Gezinsleven cf 8 EVRM;J;Inwilliging;;
201807;64;J;2018;2018;VVA bepaalde tijd PIVA;493 Asiel voor bepaalde tijd;493 Asiel voor bepaalde tijd;J;Inwilliging;;
201807;2;J;2018;2018;VVA bepaalde tijd PIVA;914 Asiel bij grensweigering;Onbekend;J;Buiten behandeling stellen;;
201807;3;J;2018;2018;VVA bepaalde tijd PIVA;493 Asiel voor bepaalde tijd;Onbekend;N;Onbekend;Burger van Belarus (Wit-Rusland);Onbekend
201807;2;J;2018;2018;VVA bepaalde tijd PIVA;493 Asiel voor bepaalde tijd;Onbekend;J;Overlijden;;
201807;1;J;2018;2018;VVA bepaalde tijd PIVA;915 VRIS;Onbekend;J;Ongegrond;;
201807;7;J;2018;2018;VVA bepaalde tijd PIVA;493 Asiel voor bepaalde tijd;Onbekend;J;Niet in behandeling nemen;Burger van Armenië;Burger van Armenië
201807;2;J;2018;2018;VVA bepaalde tijd PIVA;914 Asiel bij grensweigering;Onbekend;J;Intrekking door klant;;
201807;31;J;2018;2018;VVA bepaalde tijd PIVA;493 Asiel voor bepaalde tijd;Onbekend;J;Buiten behandeling stellen;;
201807;4;J;2018;2018;VVA bepaalde tijd PIVA;914 Asiel bij grensweigering;Onbekend;J;Niet in behandeling nemen;;
201807;57;J;2018;2018;VVA bepaalde tijd PIVA;493 Asiel voor bepaalde tijd;Onbekend;J;Niet ontvankelijk;;
201807;22;J;2018;2018;VVA bepaalde tijd PIVA;493 Asiel voor bepaalde tijd;Onbekend;J;Niet in behandeling nemen;Burger van Belarus (Wit-Rusland);Burger van Belarus (Wit-Rusland)
201807;2;J;2018;2018;Asiel AMV PIVA;493 Asiel voor bepaalde tijd;Onbekend;J;Niet ontvankelijk;;
201807;46;J;2018;2018;Uitgenodigde vluchtel aankomst;493 Asiel voor bepaalde tijd;493 Asiel voor bepaalde tijd;J;Inwilliging;;
201807;2;J;2018;2018;VVA bepaalde tijd PIVA;493 Asiel voor bepaalde tijd;Onbekend;N;Onbekend;Burger van Azerbajdsjan;Onbekend
201807;27;J;2018;2018;VVA bepaalde tijd PIVA;914 Asiel bij grensweigering;493 Asiel voor bepaalde tijd;J;Inwilliging;;
201807;16;J;2018;2018;Asiel AMV PIVA;493 Asiel voor bepaalde tijd;Onbekend;J;Buiten behandeling stellen;;
201807;6;J;2018;2018;VVA bepaalde tijd PIVA;914 Asiel bij grensweigering;Onbekend;J;Kennelijk ongegrond;;
201807;2;J;2018;2018;VVA bepaalde tijd PIVA;914 Asiel bij grensweigering;Onbekend;J;Ongegrond;;
201807;461;J;2018;2018;VVA bepaalde tijd PIVA;493 Asiel voor bepaalde tijd;Onbekend;J;Niet in behandeling nemen;;
201807;2;J;2018;2018;VVA bepaalde tijd PIVA;493 Asiel voor bepaalde tijd;Onbekend;J;Niet in behandeling nemen;;Burger van Belarus (Wit-Rusland)
201807;3;J;2018;2018;VVA bepaalde tijd PIVA;493 Asiel voor bepaalde tijd;Onbekend;J;Intrekking door klant;Burger van Armenië;Burger van Armenië
201807;7;J;2018;2018;VVA bepaalde tijd PIVA;911 Asiel vanuit bewaring;Onbekend;J;Kennelijk ongegrond;;
201807;3;J;2018;2018;Asiel AMV PIVA;493 Asiel voor bepaalde tijd;Onbekend;J;Ongegrond;;
201807;1;J;2018;2018;VVA bepaalde tijd PIVA;915 VRIS;Onbekend;J;Buiten behandeling stellen;;
201807;8;J;2018;2018;VVA bepaalde tijd PIVA;914 Asiel bij grensweigering;Onbekend;N;Onbekend;;Onbekend
201808;1;J;2018;2018;VVA bepaalde tijd PIVA;914 Asiel bij grensweigering;Onbekend;J;Kennelijk ongegrond;Burger van Armenië;Burger van Armenië
201808;9;J;2018;2018;VVA bepaalde tijd PIVA;911 Asiel vanuit bewaring;Onbekend;J;Intrekking door klant;;
201808;10;J;2018;2018;Asiel AMV PIVA;493 Asiel voor bepaalde tijd;Onbekend;J;Buiten behandeling stellen;;
201808;2;J;2018;2018;VVA bepaalde tijd PIVA;915 VRIS;Onbekend;J;Intrekking door klant;;
201808;191;J;2018;2018;VVA bepaalde tijd PIVA;493 Asiel voor bepaalde tijd;Onbekend;J;Kennelijk ongegrond;;
201808;10;J;2018;2018;VVA bepaalde tijd PIVA;647 Nareizigers asiel;Onbekend;N;Onbekend;;Onbekend
201808;12;J;2018;2018;Asiel AMV PIVA;493 Asiel voor bepaalde tijd;493 Asiel voor bepaalde tijd;J;Inwilliging;;
201808;5;J;2018;2018;VVA bepaalde tijd PIVA;493 Asiel voor bepaalde tijd;Onbekend;N;Onbekend;Burger van Azerbajdsjan;Onbekend
201808;1;J;2018;2018;VVA bepaalde tijd PIVA;911 Asiel vanuit bewaring;Onbekend;J;Ongegrond;;
201808;1;J;2018;2018;VVA bepaalde tijd PIVA;493 Asiel voor bepaalde tijd;Onbekend;J;Niet ontvankelijk;Burger van de Bondsrepubliek Duitsland;Burger van de Bondsrepubliek Duitsland
201808;1;J;2018;2018;VVA bepaalde tijd PIVA;914 Asiel bij grensweigering;Onbekend;J;Niet ontvankelijk;;
201808;4;J;2018;2018;VVA bepaalde tijd PIVA;911 Asiel vanuit bewaring;Onbekend;J;Niet in behandeling nemen;;
201808;20;J;2018;2018;VVA bepaalde tijd PIVA;493 Asiel voor bepaalde tijd;493 Asiel voor bepaalde tijd;J;Inwilliging;;
201808;3;J;2018;2018;VVA bepaalde tijd PIVA;493 Asiel voor bepaalde tijd;Onbekend;J;Kennelijk ongegrond;Burger van Bosnië-Herzegovina;Burger van Bosnië-Herzegovina
201808;43;J;2018;2018;VVA bepaalde tijd PIVA;493 Asiel voor bepaalde tijd;Onbekend;J;Intrekking door klant;;
201808;457;J;2018;2018;VVA bepaalde tijd PIVA;493 Asiel voor bepaalde tijd;Onbekend;J;Niet in behandeling nemen;;
201808;1;J;2018;2018;VVA bepaalde tijd PIVA;911 Asiel vanuit bewaring;Onbekend;N;Onbekend;Burger van Bosnië-Herzegovina;Onbekend
201808;9;J;2018;2018;VVA bepaalde tijd PIVA;914 Asiel bij grensweigering;493 Asiel voor bepaalde tijd;J;Inwilliging;;
201808;1;J;2018;2018;VVA bepaalde tijd PIVA;914 Asiel bij grensweigering;Onbekend;J;Kennelijk ongegrond;Burger van Dominicaanse Republiek;Burger van Dominicaanse Republiek
201808;15;J;2018;2018;VVA bepaalde tijd PIVA;914 Asiel bij grensweigering;Onbekend;N;Onbekend;;Onbekend
201808;10;J;2018;2018;VVA bepaalde tijd PIVA;493 Asiel voor bepaalde tijd;Onbekend;J;Niet in behandeling nemen;Burger van Azerbajdsjan;Burger van Azerbajdsjan
201808;2;J;2018;2018;VVA bepaalde tijd PIVA;911 Asiel vanuit bewaring;Onbekend;J;Buiten behandeling stellen;;
201808;1;J;2018;2018;VVA bepaalde tijd PIVA;493 Asiel voor bepaalde tijd;Onbekend;N;Onbekend;Burger van Armenië;Onbekend
201808;336;J;2018;2018;VVA bepaalde tijd PIVA;647 Nareizigers asiel;493 Asiel voor bepaalde tijd;J;Inwilliging;;
201808;11;J;2018;2018;VVA bepaalde tijd PIVA;911 Asiel vanuit bewaring;Onbekend;J;Kennelijk ongegrond;;
201808;12;J;2018;2018;VVA bepaalde tijd PIVA;493 Asiel voor bepaalde tijd;Onbekend;J;Intrekking door klant;Burger van Azerbajdsjan;Burger van Azerbajdsjan
201808;3;J;2018;2018;VVA bepaalde tijd PIVA;914 Asiel bij grensweigering;Onbekend;J;Ongegrond;;
201808;1;J;2018;2018;Uitgenodigde vluchtel aankomst;493 Asiel voor bepaalde tijd;493 Asiel voor bepaalde tijd;J;Inwilliging;;
201808;3;J;2018;2018;Asiel AMV PIVA;493 Asiel voor bepaalde tijd;Onbekend;J;Kennelijk ongegrond;;
201808;23;J;2018;2018;VVA bepaalde tijd PIVA;493 Asiel voor bepaalde tijd;Onbekend;J;Niet in behandeling nemen;Burger van Belarus (Wit-Rusland);Burger van Belarus (Wit-Rusland)
201808;8;J;2018;2018;VVA bepaalde tijd PIVA;493 Asiel voor bepaalde tijd;Onbekend;J;Ongegrond;;
201808;1;J;2018;2018;VVA bepaalde tijd PIVA;493 Asiel voor bepaalde tijd;Onbekend;J;Niet in behandeling nemen;Burger van Bangladesh;Burger van Bangladesh
201808;1;J;2018;2018;VVA bepaalde tijd PIVA;493 Asiel voor bepaalde tijd;Onbekend;J;Buiten behandeling stellen;Burger van Belarus (Wit-Rusland);Burger van Belarus (Wit-Rusland)
201808;1;J;2018;2018;VVA bepaalde tijd PIVA;493 Asiel voor bepaalde tijd;Onbekend;J;Intrekking door klant;Burger van Armenië;Burger van Armenië
201808;70;J;2018;2018;VVA bepaalde tijd PIVA;493 Asiel voor bepaalde tijd;Onbekend;J;Niet ontvankelijk;;
201808;72;J;2018;2018;Asiel AMV PIVA;493 Asiel voor bepaalde tijd;Onbekend;N;Onbekend;;Onbekend
201808;30;J;2018;2018;VVA bepaalde tijd PIVA;493 Asiel voor bepaalde tijd;Onbekend;J;Buiten behandeling stellen;;
201808;1;J;2018;2018;VVA bepaalde tijd PIVA;911 Asiel vanuit bewaring;Onbekend;N;Onbekend;;Onbekend
201808;951;J;2018;2018;VVA bepaalde tijd PIVA;493 Asiel voor bepaalde tijd;Onbekend;N;Onbekend;;Onbekend
201808;9;J;2018;2018;VVA bepaalde tijd PIVA;493 Asiel voor bepaalde tijd;Onbekend;N;Onbekend;Burger van Belarus (Wit-Rusland);Onbekend
201808;12;J;2018;2018;VVA bepaalde tijd PIVA;914 Asiel bij grensweigering;Onbekend;J;Kennelijk ongegrond;;
201808;2;J;2018;2018;VVA bepaalde tijd PIVA;914 Asiel bij grensweigering;Onbekend;J;Ongegrond;Burger van Dominicaanse Republiek;Burger van Dominicaanse Republiek
201808;1;J;2018;2018;VVA bepaalde tijd PIVA;914 Asiel bij grensweigering;Onbekend;N;Onbekend;Burger van Azerbajdsjan;Onbekend
201808;2;J;2018;2018;VVA bepaalde tijd PIVA;914 Asiel bij grensweigering;Onbekend;J;Niet in behandeling nemen;;
201808;1;J;2018;2018;VVA bepaalde tijd PIVA;915 VRIS;Onbekend;N;Onbekend;Burger van Bangladesh;Onbekend
201808;1;J;2018;2018;VVA bepaalde tijd PIVA;493 Asiel voor bepaalde tijd;Onbekend;J;Overlijden;;
201808;1;J;2018;2018;Asiel AMV PIVA;493 Asiel voor bepaalde tijd;Onbekend;J;Niet ontvankelijk;;
201808;1;J;2018;2018;VVA bepaalde tijd PIVA;915 VRIS;Onbekend;J;Niet in behandeling nemen;;
201808;2;J;2018;2018;VVA bepaalde tijd PIVA;493 Asiel voor bepaalde tijd;Onbekend;J;Niet in behandeling nemen;Burger van Armenië;Burger van Armenië
201808;1;J;2018;2018;Asiel AMV PIVA;493 Asiel voor bepaalde tijd;Onbekend;J;Ongegrond;;
201809;270;J;2018;2018;VVA bepaalde tijd PIVA;493 Asiel voor bepaalde tijd;Onbekend;J;Kennelijk ongegrond;;
201809;15;J;2018;2018;VVA bepaalde tijd PIVA;493 Asiel voor bepaalde tijd;Onbekend;J;Ongegrond;;
201809;311;J;2018;2018;VVA bepaalde tijd PIVA;647 Nareizigers asiel;493 Asiel voor bepaalde tijd;J;Inwilliging;;
201809;15;J;2018;2018;VVA bepaalde tijd PIVA;493 Asiel voor bepaalde tijd;Onbekend;J;Niet in behandeling nemen;Burger van Belarus (Wit-Rusland);Burger van Belarus (Wit-Rusland)
201809;1;J;2018;2018;VVA bepaalde tijd PIVA;493 Asiel voor bepaalde tijd;Onbekend;J;Niet in behandeling nemen;Burger van Armenië;Burger van Armenië
201809;4;J;2018;2018;VVA bepaalde tijd PIVA;911 Asiel vanuit bewaring;Onbekend;J;Kennelijk ongegrond;;
201809;25;J;2018;2018;Uitgenodigde vluchtel aankomst;493 Asiel voor bepaalde tijd;493 Asiel voor bepaalde tijd;J;Inwilliging;;
201809;1;J;2018;2018;VVA bepaalde tijd PIVA;493 Asiel voor bepaalde tijd;Onbekend;J;Niet in behandeling nemen;Burger van Bangladesh;Burger van Bangladesh
201809;4;J;2018;2018;VVA bepaalde tijd PIVA;915 VRIS;Onbekend;N;Onbekend;;Onbekend
201809;103;J;2018;2018;Asiel AMV PIVA;493 Asiel voor bepaalde tijd;Onbekend;N;Onbekend;;Onbekend
201809;1;J;2018;2018;VVA bepaalde tijd PIVA;914 Asiel bij grensweigering;Onbekend;N;Onbekend;Burger van Azerbajdsjan;Onbekend
201809;1;J;2018;2018;VVA bepaalde tijd PIVA;914 Asiel bij grensweigering;Onbekend;J;Buiten behandeling stellen;;
201809;45;J;2018;2018;VVA bepaalde tijd PIVA;914 Asiel bij grensweigering;Onbekend;N;Onbekend;;Onbekend
201809;32;J;2018;2018;VVA bepaalde tijd PIVA;493 Asiel voor bepaalde tijd;Onbekend;J;Intrekking door klant;;
201809;2;J;2018;2018;VVA bepaalde tijd PIVA;647 Nareizigers asiel;Onbekend;N;Onbekend;;Onbekend
201809;2;J;2018;2018;VVA bepaalde tijd PIVA;914 Asiel bij grensweigering;Onbekend;J;Niet in behandeling nemen;;
201809;1;J;2018;2018;Asiel AMV PIVA;493 Asiel voor bepaalde tijd;Onbekend;J;Intrekking door klant;;
201809;1;J;2018;2018;VVA bepaalde tijd PIVA;915 VRIS;Onbekend;J;Niet in behandeling nemen;;
201809;1.280;J;2018;2018;VVA bepaalde tijd PIVA;493 Asiel voor bepaalde tijd;Onbekend;N;Onbekend;;Onbekend
201809;2;J;2018;2018;VVA bepaalde tijd PIVA;493 Asiel voor bepaalde tijd;Onbekend;N;Onbekend;Burger van Azerbajdsjan;Onbekend
201809;25;J;2018;2018;VVA bepaalde tijd PIVA;493 Asiel voor bepaalde tijd;Onbekend;J;Niet ontvankelijk;;
201809;8;J;2018;2018;VVA bepaalde tijd PIVA;914 Asiel bij grensweigering;Onbekend;J;Kennelijk ongegrond;;
201809;5;J;2018;2018;VVA bepaalde tijd PIVA;911 Asiel vanuit bewaring;Onbekend;N;Onbekend;;Onbekend
201809;1;J;2018;2018;Asiel AMV PIVA;493 Asiel voor bepaalde tijd;Onbekend;J;Ongegrond;;
201809;15;J;2018;2018;VVA bepaalde tijd PIVA;493 Asiel voor bepaalde tijd;Onbekend;J;Buiten behandeling stellen;;
201809;2;J;2018;2018;VVA bepaalde tijd PIVA;493 Asiel voor bepaalde tijd;Onbekend;J;Niet in behandeling nemen;Burger van Azerbajdsjan;Burger van Azerbajdsjan
201809;25;J;2018;2018;VVA bepaalde tijd PIVA;493 Asiel voor bepaalde tijd;Onbekend;N;Onbekend;Burger van Belarus (Wit-Rusland);Onbekend
201809;2;J;2018;2018;VVA bepaalde tijd PIVA;493 Asiel voor bepaalde tijd;Onbekend;J;Kennelijk ongegrond;Burger van Bosnië-Herzegovina;Burger van Bosnië-Herzegovina
201809;1;J;2018;2018;VVA bepaalde tijd PIVA;493 Asiel voor bepaalde tijd;493 Asiel voor bepaalde tijd;J;Niet ontvankelijk;;
201809;7;J;2018;2018;Asiel AMV PIVA;493 Asiel voor bepaalde tijd;Onbekend;J;Buiten behandeling stellen;;
201809;2;J;2018;2018;VVA bepaalde tijd PIVA;493 Asiel voor bepaalde tijd;493 Asiel voor bepaalde tijd;J;Inwilliging;;
201809;2;J;2018;2018;Asiel AMV PIVA;493 Asiel voor bepaalde tijd;493 Asiel voor bepaalde tijd;J;Inwilliging;;
201809;1;J;2018;2018;VVA bepaalde tijd PIVA;493 Asiel voor bepaalde tijd;493 Asiel voor bepaalde tijd;J;Intrekking door klant;;
201809;4;J;2018;2018;Asiel AMV PIVA;493 Asiel voor bepaalde tijd;Onbekend;J;Kennelijk ongegrond;;
201809;1;J;2018;2018;VVA bepaalde tijd PIVA;911 Asiel vanuit bewaring;Onbekend;J;Buiten behandeling stellen;;
201809;25;J;2018;2018;VVA bepaalde tijd PIVA;914 Asiel bij grensweigering;493 Asiel voor bepaalde tijd;J;Inwilliging;;
201809;295;J;2018;2018;VVA bepaalde tijd PIVA;493 Asiel voor bepaalde tijd;Onbekend;J;Niet in behandeling nemen;;
201809;7;J;2018;2018;VVA bepaalde tijd PIVA;493 Asiel voor bepaalde tijd;Onbekend;J;Intrekking door klant;Burger van Azerbajdsjan;Burger van Azerbajdsjan
201809;15;J;2018;2018;VVA bepaalde tijd PIVA;911 Asiel vanuit bewaring;Onbekend;J;Intrekking door klant;;
201809;3;J;2018;2018;VVA bepaalde tijd PIVA;493 Asiel voor bepaalde tijd;Onbekend;N;Onbekend;Burger van Armenië;Onbekend
201809;8;J;2018;2018;VVA bepaalde tijd PIVA;911 Asiel vanuit bewaring;Onbekend;J;Niet in behandeling nemen;;
201809;1;J;2018;2018;VVA bepaalde tijd PIVA;915 VRIS;Onbekend;N;Onbekend;Burger van Bangladesh;Onbekend
201809;3;J;2018;2018;VVA bepaalde tijd PIVA;914 Asiel bij grensweigering;Onbekend;J;Intrekking door klant;;
201810;3;J;2018;2018;VVA bepaalde tijd PIVA;911 Asiel vanuit bewaring;Onbekend;N;Onbekend;;Onbekend
201810;5;J;2018;2018;VVA bepaalde tijd PIVA;493 Asiel voor bepaalde tijd;Onbekend;J;Niet in behandeling nemen;Burger van Azerbajdsjan;Burger van Azerbajdsjan
201810;1;J;2018;2018;VVA bepaalde tijd PIVA;915 VRIS;Onbekend;J;Niet in behandeling nemen;;
201810;8;J;2018;2018;VVA bepaalde tijd PIVA;493 Asiel voor bepaalde tijd;493 Asiel voor bepaalde tijd;J;Inwilliging;;
201810;1;J;2018;2018;VVA bepaalde tijd PIVA;914 Asiel bij grensweigering;Onbekend;N;Onbekend;Burger van Dominicaanse Republiek;Onbekend
201810;368;J;2018;2018;VVA bepaalde tijd PIVA;647 Nareizigers asiel;493 Asiel voor bepaalde tijd;J;Inwilliging;;
201810;4;J;2018;2018;VVA bepaalde tijd PIVA;915 VRIS;Onbekend;N;Onbekend;;Onbekend
201810;1;J;2018;2018;VVA bepaalde tijd PIVA;915 VRIS;Onbekend;J;Intrekking door klant;;
201810;1;J;2018;2018;VVA bepaalde tijd PIVA;914 Asiel bij grensweigering;Onbekend;J;Intrekking door klant;;
201810;1;J;2018;2018;VVA bepaalde tijd PIVA;493 Asiel voor bepaalde tijd;Onbekend;J;Niet in behandeling nemen;Burger van Belarus (Wit-Rusland);Burger van Belarus (Wit-Rusland)
201810;14;J;2018;2018;VVA bepaalde tijd PIVA;493 Asiel voor bepaalde tijd;Onbekend;J;Intrekking door klant;;
201810;11;J;2018;2018;VVA bepaalde tijd PIVA;911 Asiel vanuit bewaring;Onbekend;J;Intrekking door klant;;
201810;1;J;2018;2018;VVA bepaalde tijd PIVA;493 Asiel voor bepaalde tijd;493 Asiel voor bepaalde tijd;J;Intrekking door klant;;
201810;131;J;2018;2018;Uitgenodigde vluchtel aankomst;493 Asiel voor bepaalde tijd;Onbekend;N;Onbekend;;Onbekend
201810;2;J;2018;2018;VVA bepaalde tijd PIVA;914 Asiel bij grensweigering;Onbekend;J;Niet in behandeling nemen;;
201810;1;J;2018;2018;Asiel AMV PIVA;493 Asiel voor bepaalde tijd;493 Asiel voor bepaalde tijd;J;Inwilliging;;
201810;4;J;2018;2018;VVA bepaalde tijd PIVA;493 Asiel voor bepaalde tijd;Onbekend;J;Intrekking door klant;Burger van Azerbajdsjan;Burger van Azerbajdsjan
201810;3;J;2018;2018;VVA bepaalde tijd PIVA;493 Asiel voor bepaalde tijd;Onbekend;N;Onbekend;Burger van Armenië;Onbekend
201810;255;J;2018;2018;VVA bepaalde tijd PIVA;493 Asiel voor bepaalde tijd;Onbekend;J;Kennelijk ongegrond;;
201810;2;J;2018;2018;Asiel AMV PIVA;493 Asiel voor bepaalde tijd;Onbekend;J;Intrekking door klant;;
201810;4;J;2018;2018;Asiel AMV PIVA;493 Asiel voor bepaalde tijd;Onbekend;J;Kennelijk ongegrond;;
201810;6;J;2018;2018;VVA bepaalde tijd PIVA;493 Asiel voor bepaalde tijd;Onbekend;J;Kennelijk ongegrond;Burger van Bosnië-Herzegovina;Burger van Bosnië-Herzegovina
201810;1.371;J;2018;2018;VVA bepaalde tijd PIVA;493 Asiel voor bepaalde tijd;Onbekend;N;Onbekend;;Onbekend
201810;1;J;2018;2018;VVA bepaalde tijd PIVA;493 Asiel voor bepaalde tijd;648 Priveleven 8EVRM;J;Inwilliging;;
201810;35;J;2018;2018;VVA bepaalde tijd PIVA;493 Asiel voor bepaalde tijd;Onbekend;J;Niet ontvankelijk;;
201810;162;J;2018;2018;Uitgenodigde vluchtel aankomst;493 Asiel voor bepaalde tijd;493 Asiel voor bepaalde tijd;J;Inwilliging;;
201810;1;J;2018;2018;VVA bepaalde tijd PIVA;493 Asiel voor bepaalde tijd;493 Asiel voor bepaalde tijd;J;Kennelijk ongegrond;Burger van Bosnië-Herzegovina;Burger van Bosnië-Herzegovina
201810;7;J;2018;2018;VVA bepaalde tijd PIVA;911 Asiel vanuit bewaring;Onbekend;J;Niet in behandeling nemen;;
201810;22;J;2018;2018;VVA bepaalde tijd PIVA;647 Nareizigers asiel;Onbekend;N;Onbekend;;Onbekend
201810;1;J;2018;2018;Asiel AMV PIVA;493 Asiel voor bepaalde tijd;Onbekend;J;Buiten behandeling stellen;;
201810;2;J;2018;2018;VVA bepaalde tijd PIVA;914 Asiel bij grensweigering;Onbekend;J;Ongegrond;;
201810;2;J;2018;2018;VVA bepaalde tijd PIVA;493 Asiel voor bepaalde tijd;493 Asiel voor bepaalde tijd;J;Kennelijk ongegrond;;
201810;1;J;2018;2018;VVA bepaalde tijd PIVA;911 Asiel vanuit bewaring;Onbekend;J;Buiten behandeling stellen;;
201810;1;J;2018;2018;VVA bepaalde tijd PIVA;911 Asiel vanuit bewaring;Onbekend;J;Niet ontvankelijk;;
201810;65;J;2018;2018;VVA bepaalde tijd PIVA;914 Asiel bij grensweigering;Onbekend;N;Onbekend;;Onbekend
201810;1;J;2018;2018;Asiel AMV PIVA;493 Asiel voor bepaalde tijd;Onbekend;J;Ongegrond;;
201810;35;J;2018;2018;VVA bepaalde tijd PIVA;493 Asiel voor bepaalde tijd;Onbekend;N;Onbekend;Burger van Belarus (Wit-Rusland);Onbekend
201810;3;J;2018;2018;VVA bepaalde tijd PIVA;911 Asiel vanuit bewaring;Onbekend;J;Kennelijk ongegrond;;
201810;3;J;2018;2018;VVA bepaalde tijd PIVA;914 Asiel bij grensweigering;Onbekend;J;Kennelijk ongegrond;;
201810;100;J;2018;2018;Asiel AMV PIVA;493 Asiel voor bepaalde tijd;Onbekend;N;Onbekend;;Onbekend
201810;13;J;2018;2018;VVA bepaalde tijd PIVA;493 Asiel voor bepaalde tijd;Onbekend;N;Onbekend;Burger van Azerbajdsjan;Onbekend
201810;192;J;2018;2018;VVA bepaalde tijd PIVA;493 Asiel voor bepaalde tijd;Onbekend;J;Niet in behandeling nemen;;
201810;20;J;2018;2018;VVA bepaalde tijd PIVA;493 Asiel voor bepaalde tijd;Onbekend;J;Ongegrond;;
201810;15;J;2018;2018;VVA bepaalde tijd PIVA;914 Asiel bij grensweigering;493 Asiel voor bepaalde tijd;J;Inwilliging;;
201810;11;J;2018;2018;VVA bepaalde tijd PIVA;493 Asiel voor bepaalde tijd;Onbekend;J;Buiten behandeling stellen;;
201810;3;J;2018;2018;Uitgenodigde vluchtel aankomst;493 Asiel voor bepaalde tijd;Onbekend;J;Intrekking door klant;;
201811;22;J;2018;2018;VVA bepaalde tijd PIVA;493 Asiel voor bepaalde tijd;Onbekend;N;Onbekend;Burger van Belarus (Wit-Rusland);Onbekend
201811;1;J;2018;2018;VVA bepaalde tijd PIVA;915 VRIS;Onbekend;J;Ongegrond;;
201811;3;J;2018;2018;VVA bepaalde tijd PIVA;914 Asiel bij grensweigering;Onbekend;J;Niet in behandeling nemen;;
201811;5;J;2018;2018;VVA bepaalde tijd PIVA;914 Asiel bij grensweigering;493 Asiel voor bepaalde tijd;J;Inwilliging;;
201811;284;J;2018;2018;VVA bepaalde tijd PIVA;647 Nareizigers asiel;493 Asiel voor bepaalde tijd;J;Inwilliging;;
201811;3;J;2018;2018;VVA bepaalde tijd PIVA;911 Asiel vanuit bewaring;Onbekend;N;Onbekend;;Onbekend
201811;1;J;2018;2018;VVA bepaalde tijd PIVA;915 VRIS;Onbekend;J;Kennelijk ongegrond;;
201811;1;J;2018;2018;VVA bepaalde tijd PIVA;914 Asiel bij grensweigering;Onbekend;J;Intrekking door klant;;
201811;1;J;2018;2018;VVA bepaalde tijd PIVA;493 Asiel voor bepaalde tijd;Onbekend;N;Onbekend;Burger van Bangladesh;Onbekend
201811;1;J;2018;2018;VVA bepaalde tijd PIVA;915 VRIS;Onbekend;J;Intrekking door klant;;
201811;3;J;2018;2018;VVA bepaalde tijd PIVA;493 Asiel voor bepaalde tijd;Onbekend;N;Onbekend;Burger van Armenië;Onbekend
201811;2;J;2018;2018;VVA bepaalde tijd PIVA;493 Asiel voor bepaalde tijd;493 Asiel voor bepaalde tijd;J;Inwilliging;;
201811;8;J;2018;2018;VVA bepaalde tijd PIVA;914 Asiel bij grensweigering;Onbekend;J;Kennelijk ongegrond;;
201811;68;J;2018;2018;VVA bepaalde tijd PIVA;493 Asiel voor bepaalde tijd;Onbekend;J;Niet in behandeling nemen;;
201811;54;J;2018;2018;VVA bepaalde tijd PIVA;647 Nareizigers asiel;Onbekend;N;Onbekend;;Onbekend
201811;9;J;2018;2018;VVA bepaalde tijd PIVA;915 VRIS;Onbekend;N;Onbekend;;Onbekend
201811;95;J;2018;2018;Uitgenodigde vluchtel aankomst;493 Asiel voor bepaalde tijd;Onbekend;N;Onbekend;;Onbekend
201811;131;J;2018;2018;VVA bepaalde tijd PIVA;493 Asiel voor bepaalde tijd;Onbekend;J;Kennelijk ongegrond;;
201811;5;J;2018;2018;VVA bepaalde tijd PIVA;911 Asiel vanuit bewaring;Onbekend;J;Kennelijk ongegrond;;
201811;72;J;2018;2018;VVA bepaalde tijd PIVA;914 Asiel bij grensweigering;Onbekend;N;Onbekend;;Onbekend
201811;6;J;2018;2018;VVA bepaalde tijd PIVA;911 Asiel vanuit bewaring;Onbekend;J;Intrekking door klant;;
201811;26;J;2018;2018;VVA bepaalde tijd PIVA;493 Asiel voor bepaalde tijd;Onbekend;N;Onbekend;Burger van Azerbajdsjan;Onbekend
201811;4;J;2018;2018;VVA bepaalde tijd PIVA;493 Asiel voor bepaalde tijd;Onbekend;J;Niet in behandeling nemen;Burger van Azerbajdsjan;Burger van Azerbajdsjan
201811;1.265;J;2018;2018;VVA bepaalde tijd PIVA;493 Asiel voor bepaalde tijd;Onbekend;N;Onbekend;;Onbekend
201811;135;J;2018;2018;Uitgenodigde vluchtel aankomst;493 Asiel voor bepaalde tijd;493 Asiel voor bepaalde tijd;J;Inwilliging;;
201811;9;J;2018;2018;VVA bepaalde tijd PIVA;493 Asiel voor bepaalde tijd;Onbekend;J;Buiten behandeling stellen;;
201811;1;J;2018;2018;VVA bepaalde tijd PIVA;911 Asiel vanuit bewaring;493 Asiel voor bepaalde tijd;J;Inwilliging;;
201811;4;J;2018;2018;VVA bepaalde tijd PIVA;493 Asiel voor bepaalde tijd;Onbekend;J;Kennelijk ongegrond;Burger van Bosnië-Herzegovina;Burger van Bosnië-Herzegovina
201811;118;J;2018;2018;Asiel AMV PIVA;493 Asiel voor bepaalde tijd;Onbekend;N;Onbekend;;Onbekend
201811;1;J;2018;2018;VVA bepaalde tijd PIVA;914 Asiel bij grensweigering;Onbekend;J;Kennelijk ongegrond;Burger van Bangladesh;Burger van Bangladesh
201811;20;J;2018;2018;VVA bepaalde tijd PIVA;493 Asiel voor bepaalde tijd;Onbekend;J;Niet ontvankelijk;;
201811;3;J;2018;2018;VVA bepaalde tijd PIVA;911 Asiel vanuit bewaring;Onbekend;J;Niet in behandeling nemen;;
201811;1;J;2018;2018;VVA bepaalde tijd PIVA;914 Asiel bij grensweigering;Onbekend;J;Ongegrond;;
201811;1;J;2018;2018;VVA bepaalde tijd PIVA;493 Asiel voor bepaalde tijd;Onbekend;J;Niet in behandeling nemen;Burger van Armenië;Burger van Armenië
201811;8;J;2018;2018;VVA bepaalde tijd PIVA;493 Asiel voor bepaalde tijd;Onbekend;J;Intrekking door klant;;
201811;20;J;2018;2018;VVA bepaalde tijd PIVA;493 Asiel voor bepaalde tijd;Onbekend;J;Ongegrond;;
201812;4;J;2018;2018;VVA bepaalde tijd PIVA;911 Asiel vanuit bewaring;Onbekend;J;Intrekking door klant;;
201812;5;J;2018;2018;VVA bepaalde tijd PIVA;493 Asiel voor bepaalde tijd;Onbekend;J;Niet in behandeling nemen;;
201812;1;J;2018;2018;VVA bepaalde tijd PIVA;493 Asiel voor bepaalde tijd;493 Asiel voor bepaalde tijd;J;Inwilliging;;
201812;5;J;2018;2018;VVA bepaalde tijd PIVA;493 Asiel voor bepaalde tijd;Onbekend;N;Onbekend;Burger van Bosnië-Herzegovina;Onbekend
201812;4;J;2018;2018;VVA bepaalde tijd PIVA;914 Asiel bij grensweigering;493 Asiel voor bepaalde tijd;J;Inwilliging;;
201812;234;J;2018;2018;Uitgenodigde vluchtel aankomst;493 Asiel voor bepaalde tijd;Onbekend;N;Onbekend;;Onbekend
201812;8;J;2018;2018;VVA bepaalde tijd PIVA;493 Asiel voor bepaalde tijd;Onbekend;N;Onbekend;Burger van Azerbajdsjan;Onbekend
201812;11;J;2018;2018;VVA bepaalde tijd PIVA;911 Asiel vanuit bewaring;Onbekend;N;Onbekend;;Onbekend
201812;1.460;J;2018;2018;VVA bepaalde tijd PIVA;493 Asiel voor bepaalde tijd;Onbekend;N;Onbekend;;Onbekend
201812;7;J;2018;2018;VVA bepaalde tijd PIVA;915 VRIS;Onbekend;N;Onbekend;;Onbekend
201812;7;J;2018;2018;VVA bepaalde tijd PIVA;493 Asiel voor bepaalde tijd;Onbekend;J;Niet ontvankelijk;;
201812;1;J;2018;2018;VVA bepaalde tijd PIVA;914 Asiel bij grensweigering;Onbekend;J;Kennelijk ongegrond;;
201812;11;J;2018;2018;VVA bepaalde tijd PIVA;493 Asiel voor bepaalde tijd;Onbekend;J;Kennelijk ongegrond;Burger van Bosnië-Herzegovina;Burger van Bosnië-Herzegovina
201812;2;J;2018;2018;VVA bepaalde tijd PIVA;914 Asiel bij grensweigering;Onbekend;N;Onbekend;Burger van Dominicaanse Republiek;Onbekend
201812;1;J;2018;2018;VVA bepaalde tijd PIVA;493 Asiel voor bepaalde tijd;Onbekend;N;Onbekend;Burger van Bangladesh;Onbekend
201812;1;J;2018;2018;VVA bepaalde tijd PIVA;493 Asiel voor bepaalde tijd;Onbekend;N;Onbekend;Burger van de Bondsrepubliek Duitsland;Onbekend
201812;1;J;2018;2018;Uitgenodigde vluchtel aankomst;493 Asiel voor bepaalde tijd;493 Asiel voor bepaalde tijd;J;Inwilliging;;
201812;1;J;2018;2018;VVA bepaalde tijd PIVA;911 Asiel vanuit bewaring;493 Asiel voor bepaalde tijd;J;Inwilliging;;
201812;66;J;2018;2018;VVA bepaalde tijd PIVA;914 Asiel bij grensweigering;Onbekend;N;Onbekend;;Onbekend
201812;106;J;2018;2018;Asiel AMV PIVA;493 Asiel voor bepaalde tijd;Onbekend;N;Onbekend;;Onbekend
201812;115;J;2018;2018;VVA bepaalde tijd PIVA;647 Nareizigers asiel;Onbekend;N;Onbekend;;Onbekend
201812;13;J;2018;2018;VVA bepaalde tijd PIVA;493 Asiel voor bepaalde tijd;Onbekend;N;Onbekend;Burger van Belarus (Wit-Rusland);Onbekend
201812;2;J;2018;2018;VVA bepaalde tijd PIVA;493 Asiel voor bepaalde tijd;Onbekend;J;Buiten behandeling stellen;;
201812;140;J;2018;2018;VVA bepaalde tijd PIVA;647 Nareizigers asiel;493 Asiel voor bepaalde tijd;J;Inwilliging;;
201812;3;J;2018;2018;VVA bepaalde tijd PIVA;493 Asiel voor bepaalde tijd;Onbekend;J;Intrekking door klant;;
201812;42;J;2018;2018;VVA bepaalde tijd PIVA;493 Asiel voor bepaalde tijd;Onbekend;J;Kennelijk ongegrond;;
